{"cameraMode":{"drawMode":0,"name":"Shaded","section":"Shading Mode"},"sceneLighting":true,"audioPlay":false,"sceneViewState":{"showFog":true,"showMaterialUpdate":false,"showSkybox":false,"showFlares":true,"showImageEffects":true,"showParticleSystems":true},"in2DMode":false,"pivot":{"x":0.00029987096786499023,"y":0.0,"z":-0.00009151920676231384},"rotation":{"x":-0.09997335076332092,"y":0.8917960524559021,"z":-0.2413570135831833,"w":-0.3693941533565521},"size":0.27170637249946597,"orthographic":false}