{"cameraMode":{"drawMode":0,"name":"Shaded","section":"Shading Mode"},"sceneLighting":true,"audioPlay":false,"sceneViewState":{"showFog":true,"showMaterialUpdate":false,"showSkybox":false,"showFlares":true,"showImageEffects":true,"showParticleSystems":true},"in2DMode":false,"pivot":{"x":4.025599956512451,"y":0.4699999988079071,"z":6.848714828491211},"rotation":{"x":-0.09997335076332092,"y":0.8917960524559021,"z":-0.2413570135831833,"w":-0.3693941533565521},"size":0.6175948977470398,"orthographic":false}